trial_number,base_action_scale,wrist_scale_factor,wrist_action_scale,best_reward,success_rate,pos_violation_rate,vel_violation_rate,torque_violation_rate,state,duration_seconds,experiment_name,timestamp
0,0.15643667768061575,0.20974431470800847,0.032811703755318354,0.02215234749019146,0.0,0.6,0.0,0.0,COMPLETE,277.55652,optuna_tpe_K16_D2_base0.156_wrist0.033,2026-01-19T13:10:42.310650
1,0.5003950125301081,0.7595313963880168,0.3800657226125922,0.004226118326187134,0.0,1.0,0.99,0.09,COMPLETE,149.371011,optuna_tpe_K16_D2_base0.500_wrist0.380,2026-01-19T13:13:11.689472
2,0.6855503897384733,0.7295540380722952,0.500146055135739,0.5477637052536011,0.03,0.0,0.46,0.0,COMPLETE,411.147394,optuna_tpe_K16_D2_base0.686_wrist0.500,2026-01-19T13:20:02.846498
3,0.2687123161335959,0.12586240830776407,0.03382077925053163,0.039055462926626205,0.0,0.37,0.0,0.0,COMPLETE,266.657903,optuna_tpe_K16_D2_base0.269_wrist0.034,2026-01-19T13:24:29.517060
4,0.8594492150260998,0.13443988830787712,0.11554425647440153,0.0028380095027387142,0.0,0.99,0.48,0.05,COMPLETE,236.186769,optuna_tpe_K16_D2_base0.859_wrist0.116,2026-01-19T13:28:25.710826
5,0.1393497049750554,0.5543813318163038,0.07725287503228022,0.607881486415863,0.61,0.0,0.0,0.0,COMPLETE,220.220809,optuna_tpe_K16_D2_base0.139_wrist0.077,2026-01-19T13:32:05.941249
6,0.7824248600745596,0.9269440921940278,0.7252641016318518,0.001966382609680295,0.0,1.0,1.0,1.0,COMPLETE,149.153254,optuna_tpe_K16_D2_base0.782_wrist0.725,2026-01-19T13:34:35.106684
7,0.52360308129112,0.06683376387311779,0.03499436469824761,0.012256993912160397,0.0,0.37,0.27,0.01,COMPLETE,236.326407,optuna_tpe_K16_D2_base0.524_wrist0.035,2026-01-19T13:38:31.440107
8,0.9069468777922297,0.6368158327756938,0.5775581312645741,1.7453080415725708,1.0,0.0,0.69,0.14,COMPLETE,415.918802,optuna_tpe_K16_D2_base0.907_wrist0.578,2026-01-19T13:45:27.366672
9,0.14355503541196546,0.4573508460672703,0.06565501690287935,0.3711303174495697,0.16,0.01,0.0,0.0,COMPLETE,246.109604,optuna_tpe_K16_D2_base0.144_wrist0.066,2026-01-19T13:49:33.485918
10,0.9473316477653374,0.36306013180078467,0.3439383528967379,2.0360665321350098,1.0,0.0,0.8,0.0,COMPLETE,406.298392,optuna_tpe_K16_D2_base0.947_wrist0.344,2026-01-19T13:56:19.791885
11,0.985713913112362,0.3878877331091366,0.3823463352512905,0.3476455807685852,0.0,0.0,0.0,0.0,COMPLETE,329.170155,optuna_tpe_K16_D2_base0.986_wrist0.382,2026-01-19T14:01:48.970017
12,0.9569254406161796,0.3342825269947777,0.31988345443476757,0.0022771151270717382,0.0,1.0,1.0,0.19,COMPLETE,154.355225,optuna_tpe_K16_D2_base0.957_wrist0.320,2026-01-19T14:04:23.331922
13,0.6711569698082062,0.609252601404077,0.40890412980612717,0.003807945642620325,0.0,1.0,1.0,0.16,COMPLETE,200.530556,optuna_tpe_K16_D2_base0.671_wrist0.409,2026-01-19T14:07:43.869454
14,0.8248600273208344,0.2885290209598442,0.23799605611179067,1.7003045082092285,1.0,0.0,0.21,0.0,COMPLETE,405.968587,optuna_tpe_K16_D2_base0.825_wrist0.238,2026-01-19T14:14:29.844964
15,0.6971429454977429,0.6817364213270131,0.4752677368170042,0.003296166192740202,0.0,1.0,1.0,0.3,COMPLETE,144.211857,optuna_tpe_K16_D2_base0.697_wrist0.475,2026-01-19T14:16:54.065227
16,0.3697396449624303,0.8949513781041942,0.33089900479888246,0.6293960809707642,0.08,0.02,0.02,0.0,COMPLETE,416.263581,optuna_tpe_K16_D2_base0.370_wrist0.331,2026-01-19T14:23:50.335896
17,0.8857266176267404,0.4552332401936069,0.40321219806794495,0.002676669042557478,0.0,1.0,0.99,0.09,COMPLETE,154.563632,optuna_tpe_K16_D2_base0.886_wrist0.403,2026-01-19T14:26:24.907682
18,0.9893292412039751,0.8069037167826465,0.7982934418492429,1.9208883047103882,1.0,0.0,0.8,0.97,COMPLETE,390.605193,optuna_tpe_K16_D2_base0.989_wrist0.798,2026-01-19T14:32:55.520871
19,0.5974499963302784,0.6179466902167526,0.36919224780230653,0.036683786660432816,0.0,0.03,0.0,0.0,COMPLETE,421.185373,optuna_tpe_K16_D2_base0.597_wrist0.369,2026-01-19T14:39:56.715596
20,0.36014075197119777,0.2429268098256005,0.08748784396455592,0.015733616426587105,0.0,0.19,0.0,0.0,COMPLETE,246.927482,optuna_tpe_K16_D2_base0.360_wrist0.087,2026-01-19T14:44:03.649866
21,0.8193688816311895,0.3091044800531788,0.25327059212836345,0.0029475886840373278,0.0,0.98,1.0,0.37,COMPLETE,143.835126,optuna_tpe_K16_D2_base0.819_wrist0.253,2026-01-19T14:46:27.491828
22,0.7683585089607347,0.519937743064682,0.3994985890135886,0.003361615352332592,0.0,1.0,1.0,0.26,COMPLETE,138.846735,optuna_tpe_K16_D2_base0.768_wrist0.399,2026-01-19T14:48:46.346816
23,0.9024883823206761,0.38940655382523265,0.3514348908268035,0.10514641553163528,0.0,0.14,0.14,0.09,COMPLETE,416.257112,optuna_tpe_K16_D2_base0.902_wrist0.351,2026-01-19T14:55:42.612032
24,0.755996476526767,0.19228249718911328,0.14536489037273762,0.015328586101531982,0.0,0.25,0.01,0.0,COMPLETE,327.344617,optuna_tpe_K16_D2_base0.756_wrist0.145,2026-01-19T15:01:09.964796
25,0.8999999415482006,0.013182241212251922,0.011864016320501011,0.008011349476873875,0.0,0.73,0.12,0.0,COMPLETE,313.376636,optuna_tpe_K16_D2_base0.900_wrist0.012,2026-01-19T15:06:23.348372
26,0.6024827841352544,0.2935347533068826,0.1768496354127857,0.015227548778057098,0.0,0.31,0.01,0.0,COMPLETE,365.082772,optuna_tpe_K16_D2_base0.602_wrist0.177,2026-01-19T15:12:28.438988
27,0.8303528749921933,0.3985046692394937,0.33089949780082667,0.003232160583138466,0.0,0.94,0.26,0.0,COMPLETE,355.596682,optuna_tpe_K16_D2_base0.830_wrist0.331,2026-01-19T15:18:24.044131
28,0.037264164734571614,0.5802212463341163,0.021621460105892967,0.016299355775117874,0.0,0.0,0.0,0.0,COMPLETE,275.164904,optuna_tpe_K16_D2_base0.037_wrist0.022,2026-01-19T15:22:59.215735
29,0.9395571918787728,0.23534033937228685,0.22111570839642325,0.002324701054021716,0.0,1.0,0.98,0.1,COMPLETE,318.91007,optuna_tpe_K16_D2_base0.940_wrist0.221,2026-01-19T15:28:18.132817
30,0.7161857243890218,0.47118759522457054,0.3374578292090303,0.013613114133477211,0.0,0.45,0.0,0.0,COMPLETE,436.368518,optuna_tpe_K16_D2_base0.716_wrist0.337,2026-01-19T15:35:34.510002
31,0.9966583268627054,0.8450136016934277,0.8421898424400002,0.001313700107857585,0.0,1.0,1.0,1.0,COMPLETE,153.933941,optuna_tpe_K16_D2_base0.997_wrist0.842,2026-01-19T15:38:08.452073
32,0.9338347236431452,0.988452435794439,0.9230512072144936,1.5242760181427002,1.0,0.0,0.75,0.75,COMPLETE,432.347286,optuna_tpe_K16_D2_base0.934_wrist0.923,2026-01-19T15:45:20.812505
33,0.8527568495944446,0.7847018903633297,0.6691599118970384,0.0019850698299705982,0.0,1.0,1.0,0.87,COMPLETE,143.740211,optuna_tpe_K16_D2_base0.853_wrist0.669,2026-01-19T15:47:44.562371
34,0.9979433195619161,0.6907964293261859,0.6893756818232925,0.0016066385433077812,0.0,1.0,1.0,0.77,COMPLETE,159.172266,optuna_tpe_K16_D2_base0.998_wrist0.689,2026-01-19T15:50:23.741585
35,0.8149822829201351,0.8064122823896176,0.6572117228767272,0.1773258000612259,0.0,0.0,0.05,0.09,COMPLETE,475.712215,optuna_tpe_K16_D2_base0.815_wrist0.657,2026-01-19T15:58:19.460811
36,0.9009182920172791,0.7176974191286195,0.6465867330265652,0.0019326217006891966,0.0,1.0,1.0,0.96,COMPLETE,277.411267,optuna_tpe_K16_D2_base0.901_wrist0.647,2026-01-19T16:02:56.880564
37,0.6293814763150839,0.15056492215165634,0.09476277298507514,0.017456036061048508,0.0,0.36,0.25,0.01,COMPLETE,398.799244,optuna_tpe_K16_D2_base0.629_wrist0.095,2026-01-19T16:09:35.687811
38,0.7485854830218375,0.5166757348230342,0.3867759545181639,0.003501438768580556,0.0,1.0,1.0,0.32,COMPLETE,213.823878,optuna_tpe_K16_D2_base0.749_wrist0.387,2026-01-19T16:13:09.518967
39,0.454842664240656,0.6408544860178247,0.2914879618109236,0.004658858757466078,0.0,1.0,0.96,0.05,COMPLETE,164.489906,optuna_tpe_K16_D2_base0.455_wrist0.291,2026-01-19T16:15:54.017225
40,0.9417687053187922,0.7587111831715125,0.7145304486863243,0.001659369096159935,0.0,1.0,1.0,0.64,COMPLETE,147.649679,optuna_tpe_K16_D2_base0.942_wrist0.715,2026-01-19T16:18:21.676670
41,0.9081322524150215,0.9681491533816384,0.8792074713341634,1.8848010301589966,1.0,0.0,0.75,0.95,COMPLETE,508.656999,optuna_tpe_K16_D2_base0.908_wrist0.879,2026-01-19T16:26:50.343098
42,0.938405341751802,0.9934456375350714,0.9322546930029355,0.001258435077033937,0.0,1.0,1.0,1.0,COMPLETE,146.823758,optuna_tpe_K16_D2_base0.938_wrist0.932,2026-01-19T16:29:17.178047
43,0.8394922867631697,0.8687802036465959,0.729334279853853,0.0018363941926509142,0.0,1.0,1.0,1.0,COMPLETE,183.048319,optuna_tpe_K16_D2_base0.839_wrist0.729,2026-01-19T16:32:20.236272
44,0.9468844231543426,0.9312259801798762,0.8817633750689594,0.001324985409155488,0.0,1.0,1.0,1.0,COMPLETE,170.184255,optuna_tpe_K16_D2_base0.947_wrist0.882,2026-01-19T16:35:10.428963
45,0.8664238137812135,0.8215457114393296,0.7118067685008643,1.9440686702728271,1.0,0.0,0.9,0.96,COMPLETE,452.228666,optuna_tpe_K16_D2_base0.866_wrist0.712,2026-01-19T16:42:42.667233
46,0.7939926962109025,0.3491310200147414,0.2772074799123671,1.488525629043579,0.99,0.0,0.08,0.0,COMPLETE,562.129392,optuna_tpe_K16_D2_base0.794_wrist0.277,2026-01-19T16:52:04.825874
47,0.9745951038807132,0.9330087356246533,0.9093057456177218,0.0012497507268562913,0.0,1.0,0.99,1.0,COMPLETE,210.753669,optuna_tpe_K16_D2_base0.975_wrist0.909,2026-01-19T16:55:35.587583
48,0.24715257988358408,0.27816879386823906,0.06875013504764019,0.2797141671180725,0.0,0.33,0.0,0.01,COMPLETE,406.424412,optuna_tpe_K16_D2_base0.247_wrist0.069,2026-01-19T17:02:22.018769
49,0.8717387036442266,0.7478905334900432,0.6519651241323993,0.0019907306414097548,0.0,1.0,1.0,0.92,COMPLETE,223.971411,optuna_tpe_K16_D2_base0.872_wrist0.652,2026-01-19T17:06:05.997028
